{
  "movies": [
    {
      "id": 1,
      "title": "Inception",
      "director": "Christopher Nolan",
      "releaseDate": "2010-07-16",
      "genre": "Sci-Fi",
      "rating": 9
    },
    {
      "id": 2,
      "title": "The Shawshank Redemption",
      "director": "Frank Darabont",
      "releaseDate": "1994-09-22",
      "genre": "Drama",
      "rating": 9.3
    },
    {
      "id": 3,
      "title": "The Dark Knight",
      "director": "Christopher Nolan",
      "releaseDate": "2008-07-18",
      "genre": "Action",
      "rating": 9
    }  ]
}